name,text
Beverly Kidd,eu erat
Rudyard Lane,consequat enim
Odysseus Petty,dis parturient
Nolan Franks,"auctor quis,"
Raymond Hawkins,"ut, pellentesque"
Anika Kennedy,ut mi.
Charles Cantrell,"pellentesque eget,"
Donovan Marsh,augue ac
Calvin Nelson,"volutpat ornare,"
Jorden Pugh,et pede.
Jacob Wilcox,Suspendisse non
Orlando Hunter,sociis natoque
Rudyard Wyatt,posuere cubilia
Rana Padilla,"Suspendisse aliquet,"
Kirsten Williams,dui quis
Emily Solis,facilisis lorem
Ethan Cannon,neque vitae
Leila Ware,magna sed
Audrey Randolph,risus. Donec
Colton Hamilton,"vel, faucibus"
George Greer,Nunc mauris
Cullen Horton,eu lacus.
Fletcher Ortega,Sed diam
Grant Mayer,ridiculus mus.
Jaden Bradford,nunc sit
Alvin Dillard,"posuere, enim"
Marcia Lowe,Sed malesuada
Lucy Ferguson,dictum. Proin
Merritt Stein,penatibus et
Kuame Hart,amet risus.
Amena Navarro,"et, rutrum"
Amber Guthrie,Proin non
Rooney Wood,massa. Vestibulum
Akeem Munoz,fermentum convallis
Alec Finch,"elementum, lorem"
Phelan Mccarthy,amet ante.
Zephania Richmond,Lorem ipsum
Hanae Barlow,dui lectus
Odette George,"vulputate dui,"
Iliana Pickett,"non, cursus"
Teegan Pollard,ultricies sem
Helen Miranda,"consequat auctor,"
Derek Greer,ac orci.
Dara Potts,auctor. Mauris
Kevyn Hampton,metus sit
Alvin Sullivan,nisi a
Lillith Bates,risus a
Gavin Sheppard,Aliquam nec
Montana Snider,fringilla cursus
Chaim Mendez,luctus lobortis.
Mariko Kaufman,tincidunt congue
Benjamin Ballard,tellus faucibus
Hiroko Roach,id enim.
Edan Dyer,"a, facilisis"
Walter House,nascetur ridiculus
Hayfa Walls,metus. In
Kennedy Ruiz,dui nec
Oscar Malone,eu eros.
Jasmine Russell,"tempus, lorem"
Aquila Martinez,in consequat
Eve Dejesus,Sed eget
Kylie Sanford,mauris. Suspendisse
Stone Cotton,sed dictum
Sylvia Joyce,"mi felis,"
Trevor Oneil,diam at
Stacy Santana,enim. Mauris
Ivana Neal,metus sit
Wang O'brien,"vitae, posuere"
Cassidy Goodwin,eu augue
Mercedes Pratt,habitant morbi
Rowan Ewing,id risus
India Fuentes,in faucibus
Griffith Wiggins,Cras lorem
Paula Salinas,tellus. Suspendisse
Emerald Carrillo,magna. Praesent
Anastasia Reid,ipsum. Suspendisse
Alexander Fleming,ornare lectus
Farrah Griffith,erat semper
Larissa Patton,arcu. Curabitur
Frances Dalton,nisi sem
Quail Rice,Aliquam adipiscing
Jenna Kane,eget varius
Phelan Brady,"et, euismod"
Daniel Sloan,interdum libero
Dieter Campbell,sagittis. Nullam
Pascale Wise,Curae Phasellus
Geraldine Wolf,tincidunt dui
Kadeem Mcclure,"dictum eu,"
Clare Gaines,Curae Donec
Octavius Sanchez,enim commodo
Sasha Rosa,ac nulla.
Kimberley Dickson,mattis. Integer
Mason O'brien,"lacinia orci,"
Armand Branch,elit erat
Ulric Bridges,"placerat, augue."
Brennan Clarke,Ut semper
Kasper Dunn,nisi sem
Deirdre Hampton,vel arcu.
Olympia Jefferson,sagittis. Duis
Shana Bates,egestas. Sed
Darrel Mcintyre,aptent taciti
Quinlan Ryan,"nulla ante,"
Lyle Smith,lectus. Nullam
Xanthus Hurley,vitae erat
Kane Fuller,"ac, feugiat"
Griffin Delaney,Integer in
Avye Carr,cursus vestibulum.
Aspen Donaldson,"vitae, sodales"
Demetria James,"et, rutrum"
Erich Mcdowell,tellus id
Clio Price,"laoreet posuere,"
Zahir Larsen,"elementum at,"
Barry Gaines,venenatis lacus.
Tamekah Bradford,Sed nec
Ashely Glover,aliquet odio.
Cleo Dorsey,velit. Pellentesque
Arsenio Newman,"lorem, luctus"
Xanthus Tran,convallis dolor.
Laura Mccoy,In faucibus.
Abel Nixon,Donec tincidunt.
Clark Crosby,"ut, sem."
Wang Valencia,semper. Nam
Darrel Huff,ligula eu
Alice Fields,"montes, nascetur"
Justine Campos,odio. Etiam
Kylynn Stephens,magna. Nam
Clare Ramirez,"ut, sem."
Chava Cortez,Nam interdum
Jackson Sears,dolor sit
Genevieve Rhodes,Duis mi
Ria Ratliff,lorem semper
Cheryl Pearson,"nonummy ut,"
Fleur Melendez,nisi a
Samson Osborn,sit amet
Wynne Ray,ipsum. Donec
Hannah Garza,ipsum non
Adara Rosales,ipsum primis
Ingrid Peck,Aliquam rutrum
Zenia Barker,nec ipsum.
Libby Justice,"at, velit."
Riley Cline,Sed nunc
Reese Fields,orci. Ut
Rina Maynard,"dolor dolor,"
Angela Aguirre,vitae erat
Kamal Alford,"luctus ut,"
Aiko Forbes,euismod mauris
Nell Tyler,lacus. Quisque
Lareina O'Neill,"parturient montes,"
Castor Villarreal,ipsum primis
Jacob Bates,Curabitur egestas
Garrison Frost,metus. Aenean
Tallulah Lloyd,non nisi.
Gay White,"aliquam eu,"
Wanda Aguirre,sed dictum
Jakeem Savage,non arcu.
Chelsea Sweet,tempus risus.
Conan Parks,ipsum leo
Rina Burton,"laoreet posuere,"
Jordan Rodgers,pede nec
Morgan Kelley,ac orci.
Veronica Kelley,"malesuada ut,"
Colt Marquez,"sagittis augue,"
Salvador Torres,ipsum cursus
Veronica Sawyer,Etiam bibendum
Ralph Burks,eget metus.
Arden Cardenas,augue ac
Marvin Douglas,"Sed congue,"
Dorian Kinney,sem. Nulla
Xantha Alford,rhoncus. Nullam
Yuri Wilkins,et ultrices
Sasha Wilder,vel nisl.
Sasha Grant,"pede, nonummy"
Fiona Oneal,augue. Sed
Macaulay Knight,penatibus et
Griffin Carpenter,Aenean gravida
Mary Buckley,ut lacus.
Chaim Cantrell,cubilia Curae
Irma Marsh,feugiat placerat
Tamara Browning,"varius ultrices,"
Wylie Baker,Praesent eu
Branden Leonard,In mi
Sawyer Coffey,"placerat eget,"
Mona Humphrey,tellus non
Sawyer Rice,diam. Sed
Fatima Blackwell,lacus. Ut
Helen Haley,nulla at
Jolie Crosby,dolor. Fusce
Jared Pennington,Proin sed
Steven Pitts,lorem ipsum
Laith Cotton,sit amet
Tobias Meadows,Suspendisse ac
Aimee Cooper,Duis dignissim
Karly Sosa,mauris blandit
Mari Cox,sem. Pellentesque
Liberty Frost,Ut nec
Giacomo Hardin,Aliquam vulputate
Brittany Phelps,Duis sit
Miranda Mcguire,dui. Suspendisse
Hasad Peterson,"malesuada ut,"
Ray Turner,justo. Praesent
Dalton Calhoun,rhoncus. Proin
Oleg Rivera,"est mauris,"
Josephine Alston,aliquet odio.
Samson Noel,"facilisis, magna"
Flavia Cohen,"nonummy ac,"
Kimberly Mathews,eu dolor
Kasper Wallace,eu eros.
Elaine Summers,mauris ipsum
Amethyst Bowers,magna. Phasellus
Jaden Johnson,vitae purus
Brendan Collins,dictum magna.
Carissa Delgado,"aliquet vel,"
Mark Willis,"nec, imperdiet"
Ila Bean,metus. Aenean
Nicholas Nash,nonummy ultricies
Noelani Petty,tortor at
Bo Avila,"eu, accumsan"
Steel Rosa,libero dui
Cameron Knox,dui. Cras
Wanda Macias,"adipiscing fringilla,"
Wyatt Love,molestie tellus.
Fay Ray,arcu eu
Merritt Davis,dolor. Nulla
Nissim Avila,Duis gravida.
Madonna Garcia,sociis natoque
Victoria Bentley,Ut tincidunt
Benjamin Wells,massa lobortis
Ray Becker,"mollis nec,"
Lacy Sloan,tortor. Integer
Dolan Faulkner,Mauris molestie
Victor Terrell,nunc. Quisque
Benedict Dickerson,id sapien.
Zeph Franco,"aliquam, enim"
Galvin Puckett,"sit amet,"
Nadine Atkinson,"tortor, dictum"
Hedy Zimmerman,orci luctus
Alisa Mccray,nec quam.
Michelle Sims,"placerat eget,"
Erich Barr,dignissim tempor
Keaton Crosby,mollis. Integer
Lenore Riley,"id, blandit"
David Hughes,nibh lacinia
Kiayada Floyd,dictum augue
Kiara Moses,egestas nunc
Amena Holloway,Cras vehicula
Joel Hutchinson,"non, feugiat"
Simone Whitehead,mollis lectus
Gannon Harrison,in consequat
Ginger Nguyen,risus varius
Walker Hurst,mauris a
Jarrod Harding,"pellentesque eget,"
Ira Cross,vitae semper
Bertha Sullivan,ullamcorper viverra.
Dane Schultz,"semper et,"
Angelica Martinez,lectus quis
Harrison Mooney,"ac, eleifend"
Cassidy Rutledge,Curabitur dictum.
Chancellor Harrison,nunc. Quisque
Kylynn Williamson,at risus.
Stewart Maynard,"semper, dui"
Morgan Cox,Sed malesuada
Astra Savage,Donec consectetuer
Alisa Blankenship,"nec, diam."
Karen Hunt,"rhoncus id,"
Vincent Mack,lacinia. Sed
Ella Mejia,Donec vitae
Macaulay Parker,Phasellus nulla.
Jade Roberts,Pellentesque habitant
Arsenio Mcgowan,sit amet
Aquila Roth,dui. Cras
Kaitlin Schroeder,Vivamus molestie
Gisela Glenn,sed tortor.
Graham Murphy,egestas lacinia.
Alana Snow,Sed nunc
Regan Hubbard,"conubia nostra,"
Keith Larsen,cursus vestibulum.
Jana Gibson,"pede, ultrices"
Veda Shaffer,neque non
Lillith Mcneil,"a, enim."
Steven Wolfe,Aenean massa.
Victor Dunn,nunc. Quisque
Veronica Sanders,ac nulla.
Paul Bernard,Donec sollicitudin
Justine Guerra,neque. In
Lacy Duncan,"et, rutrum"
Shannon Tate,tincidunt. Donec
Louis Leon,arcu. Curabitur
Madison Roy,leo. Vivamus
Ronan Terrell,Phasellus elit
Anne Soto,"pretium et,"
Charlotte Lawrence,"vestibulum lorem,"
Lev Mcleod,odio. Aliquam
Reece Johns,sit amet
Noel May,non enim
Nadine Dale,dolor. Donec
Edan Hardy,"in, cursus"
Jeremy Osborn,rhoncus. Nullam
Petra Holder,lorem. Donec
Hamish Robbins,nec orci.
Zenaida Witt,Quisque purus
Ryder Rush,sagittis. Nullam
Ignacia Carney,in magna.
Wallace Pickett,litora torquent
Zeph Meyer,lacus. Aliquam
Ora Cardenas,"vulputate, posuere"
Avye Lynch,arcu iaculis
Kay Schroeder,luctus sit
Alec Morgan,vitae purus
Candice Anthony,Sed id
Barrett Nguyen,nunc. Quisque
Quynn Trujillo,ligula. Aliquam
Baxter Hayes,"dolor quam,"
Nigel Willis,ultrices sit
Lev Shields,ac risus.
Veda Page,leo. Cras
Jesse Avila,ultrices iaculis
Tatum Munoz,Nullam vitae
Abel Davenport,lectus. Nullam
Debra Gilmore,"mollis nec,"
Joshua Powell,Maecenas mi
Justine Rivers,egestas ligula.
Fulton Vaughn,Nam nulla
Remedios Parker,et risus.
Fitzgerald Ellison,in consectetuer
Lucius Conley,mus. Donec
Natalie Bullock,quis accumsan
Nicholas Houston,Integer aliquam
Grady Morton,"aliquet, sem"
Leah Herrera,"vulputate dui,"
Dustin Vazquez,non lorem
Jeanette Allison,"montes, nascetur"
Alden Horn,"lacinia at,"
Grace Newton,orci. Ut
Lucius Osborne,mattis. Integer
Amos Booker,ante. Maecenas
Garrett Maddox,ullamcorper. Duis
Grady Keith,In ornare
Hu Santos,interdum. Nunc
Blaze Brewer,ligula eu
Eve Henderson,"montes, nascetur"
Juliet Stephenson,sollicitudin adipiscing
Dolan Flores,dolor sit
Clare Blackburn,eu metus.
Katelyn Kinney,imperdiet ornare.
Petra Sykes,"diam lorem,"
Clinton Morris,facilisis. Suspendisse
Carolyn Diaz,Aenean sed
Cade Bush,ac risus.
Drew Goff,nec tellus.
Laurel Hughes,elit elit
Kuame Prince,Praesent luctus.
Quamar Mcneil,nec ligula
Channing Levy,dignissim pharetra.
Barry Franco,"scelerisque, lorem"
Ivy Henry,quis lectus.
Macaulay Kirkland,ac nulla.
Carl Coffey,ac libero
Teagan Nieves,Fusce diam
Burton Fernandez,"et, lacinia"
Nolan Merritt,"a, auctor"
Michael Forbes,eget massa.
Iliana Burton,adipiscing ligula.
Courtney George,arcu. Vivamus
MacKenzie Bender,"posuere, enim"
Gregory Sims,dignissim pharetra.
Castor Horton,"varius orci,"
Noble Russo,Suspendisse non
Marvin Craig,lacinia mattis.
Teegan Vasquez,sem semper
Keefe Hooper,vehicula. Pellentesque
Plato Huff,fringilla mi
Diana Vang,neque pellentesque
Orlando Ferrell,"Sed pharetra,"
Jessamine Livingston,mus. Aenean
Daquan Noel,In faucibus.
Guy Glass,"diam lorem,"
Alden Henderson,nulla. Integer
Vaughan Mclaughlin,"auctor vitae,"
Drake Burt,Aenean gravida
April Frazier,vel turpis.
Ocean Alvarado,diam luctus
Cameran Fischer,enim consequat
Camilla Avila,"non, lobortis"
Caleb Vargas,a mi
Raphael Bradley,Donec nibh
Ethan Hart,"ornare, elit"
Mason Cooke,"mi, ac"
Yuri Kemp,"ullamcorper eu,"
Sylvia Slater,"eget, volutpat"
Gregory Shepard,ligula. Donec
Raya Petty,"pellentesque, tellus"
Latifah Dudley,Morbi metus.
Igor Hays,"eu, ultrices"
Carl Stein,tempus risus.
Ila Frye,mauris sit
Iona Daniel,est. Nunc
Alexis Garner,"aliquet, metus"
Reuben Willis,in faucibus
Desirae Shepherd,sed pede
Julian English,"Aliquam ornare,"
Brynn Jordan,Cras pellentesque.
Chase Chase,"in, hendrerit"
Lunea Robbins,"auctor ullamcorper,"
Kessie Beasley,Curabitur egestas
Lee Combs,Phasellus ornare.
Michelle Bradshaw,"montes, nascetur"
Solomon Goff,malesuada augue
Pandora Knight,"non, hendrerit"
Neil Roman,ut lacus.
Angela Lloyd,viverra. Donec
Susan Hubbard,ipsum sodales
Kasper Fisher,feugiat tellus
Sopoline Estes,egestas. Sed
Denton Bernard,Nulla aliquet.
Amethyst Perry,"pellentesque a,"
Latifah Cruz,velit. Pellentesque
Camden Sherman,metus. Vivamus
Constance Hartman,Proin eget
Wallace May,Cras eu
Fritz Hayden,"dolor dolor,"
Athena Alvarado,Mauris eu
Avye Morin,Maecenas libero
Chandler Sexton,"posuere, enim"
Dylan Bryant,quam. Pellentesque
Violet Leblanc,congue. In
Ria Cooper,Nulla eu
Tyrone Macdonald,vel pede
Brody Dalton,Nullam ut
Yetta Ball,nisl arcu
Armand Rojas,"vel, mauris."
Rama Gay,hendrerit neque.
Otto Shepard,mauris ut
Denise Jenkins,"posuere, enim"
Cassady Guerrero,"amet, faucibus"
Kennan Moody,in lobortis
Lunea Randall,metus eu
Lyle Meyers,facilisis. Suspendisse
Tanek Park,lorem eu
Chandler Jennings,"fringilla, porttitor"
Sheila Webb,convallis ligula.
Harrison Glass,Aliquam nec
Olympia Flynn,"faucibus leo,"
Elijah Fowler,"lorem, luctus"
Berk Terrell,rhoncus. Donec
Rae Parrish,mus. Aenean
Ashely Owen,"enim, gravida"
Brody Chandler,Donec est.
Daria Lawrence,mollis. Duis
Justin Cervantes,et nunc.
Colton Rhodes,quam. Curabitur
Benjamin Butler,non enim
Britanni Wilcox,"non, luctus"
Cruz Hardin,feugiat placerat
Wanda Ballard,Nulla facilisis.
Ignatius Howe,et ipsum
Iris Cantrell,Nunc ut
Shelby Hinton,tristique senectus
Russell Lowe,"Quisque imperdiet,"
Selma Terrell,tellus faucibus
Josiah Morales,Fusce feugiat.
Hoyt Hurley,"nibh enim,"
Lareina Bailey,Mauris nulla.
Jasper Chavez,ligula. Aenean
Latifah Quinn,natoque penatibus
Emerald Guzman,nonummy ultricies
Carter Holmes,ante dictum
Coby Sutton,"sit amet,"
Acton Joyce,eu augue
Zenia Simpson,Cum sociis
Victor Kaufman,augue porttitor
Phoebe May,Fusce fermentum
Jeanette Daugherty,pede. Nunc
Madeson Hess,orci tincidunt
Moses Mayo,sociosqu ad
Jakeem Lowery,"tristique pellentesque,"
Sean Hicks,in consequat
Skyler Branch,molestie pharetra
Drake Cole,eget mollis
Jonas Nieves,laoreet ipsum.
Duncan Cole,ut quam
Cole Ayala,"non, egestas"
Tucker Hensley,luctus lobortis.
Shaeleigh Glass,"Nulla tincidunt,"
Rae Harding,Praesent interdum
Kalia Cortez,"congue, elit"
Katell Nunez,"et, eros."
Quinlan Dillard,Cras pellentesque.
Lana Francis,id sapien.
Darryl Duran,egestas rhoncus.
Carter Nelson,libero. Integer
Branden Shepherd,per inceptos
Vera Branch,sem mollis
Benedict Parks,"facilisis facilisis,"
Orli Valenzuela,sagittis. Duis
Imani Roy,"est, congue"
Ramona Pratt,ligula. Donec
Zoe Rios,non magna.
Fitzgerald Castillo,ultricies ligula.
Coby Walton,consequat enim
Allistair Paul,natoque penatibus
